id,timestamp,category,x1,x2,x4,y
1,2024-01-01 00:00:00,A,0.6835119515543189,0.17517845559778916,-0.8096035199216461,38.30243095992137
2,2024-01-01 01:00:00,A,3.7523416784317725,0.2022088913599509,0.4250610444640897,181.42270213903245
3,2024-01-01 02:00:00,B,1.9008476763721005,0.7691980363788655,-0.4698393470709161,132.61413327478337
4,2024-01-01 03:00:00,A,-1.1538073113248062,1.1543328354359643,-0.005452270878279103,-16.476769933677367
5,2024-01-01 04:00:00,C,-1.796829342696716,1.2278867700250227,0.5622842480036996,-76.58910720230492
6,2024-01-01 05:00:00,B,0.9838383430130114,1.2159268897025404,0.03142226981093782,63.58725856668329
7,2024-01-01 06:00:00,A,-2.6404664140412843,1.3894581524202798,-0.4003858905265686,-61.28433639916948
8,2024-01-01 07:00:00,C,3.6629175317087075,1.3609807106267675,-0.06060980392583083,199.6449210190394
9,2024-01-01 08:00:00,A,2.358880241442574,1.3197207580220327,-0.02436295920533532,142.26211751007563
10,2024-01-01 09:00:00,A,-0.9383513042094096,0.9727677591046489,-0.2890110298821277,-3.7302428912153047
11,2024-01-01 10:00:00,A,-3.426269058181755,0.6047560323050803,-0.15879606266710236,-128.45897746791246
12,2024-01-01 11:00:00,A,2.7077447483308257,0.6024408263963378,1.719647170504717,119.12886533076065
13,2024-01-01 12:00:00,A,-0.22907969050523577,0.8681917902100307,0.7049194479412387,0.004412668841205392
14,2024-01-01 13:00:00,A,2.4756326239469235,0.2625353374085602,-0.12648031802916035,116.52441997340075
15,2024-01-01 14:00:00,A,-3.188855317588734,0.6729157943886698,0.8929544045107356,-127.72823180229624
16,2024-01-01 15:00:00,A,-1.1987500459075457,0.5425909870090401,-0.10881948975600994,-31.671708446117947
17,2024-01-01 16:00:00,B,0.010487399436366332,0.7932456299778528,1.4291246375866413,-1.2685287762789321
18,2024-01-01 17:00:00,C,0.09396118752948411,1.2945941392477356,0.6586421921980938,43.0303537195732
19,2024-01-01 18:00:00,A,-0.9001309429584873,1.07175841487633,0.21669785599577113,-17.662419808041527
20,2024-01-01 19:00:00,A,1.2456998646949975,1.084773970096302,0.8087169258102775,62.6707006121252
21,2024-01-01 20:00:00,A,-2.1352408587651888,0.6535547488697725,-1.1708761520684994,-74.27575225966221
22,2024-01-01 21:00:00,A,-0.284758970042587,1.1994412086211734,-0.6857674689098052,14.374501557079554
23,2024-01-01 22:00:00,B,0.24059126342379772,1.00542575149435,-0.7099250063990554,42.66844849027187
24,2024-01-01 23:00:00,B,1.028877668117498,1.2279408146869282,0.6719430947637068,85.45779815213498
25,2024-01-02 00:00:00,A,1.4232297561777796,0.2026044275008696,2.3085149994850918,28.760866837776014
26,2024-01-02 01:00:00,A,-2.2492841836757385,0.05000625920267703,2.8563001461926323,-135.8553890695893
27,2024-01-02 02:00:00,A,-3.0682283414712446,-0.2501692723127156,1.3140511014407572,-171.3275471264898
28,2024-01-02 03:00:00,B,2.555353643797018,-0.13167062378007832,1.229844474944457,92.74245336468337
29,2024-01-02 04:00:00,A,0.6646280239591833,-0.8600755090599945,-1.017057734152739,1.7123276866110189
30,2024-01-02 05:00:00,C,-1.4969730731131072,-0.9040154632911255,0.2983262002659782,-97.9413819874807
31,2024-01-02 06:00:00,B,3.102303951045046,-0.8834160571099712,0.11221624809176112,113.74281029662757
32,2024-01-02 07:00:00,A,0.23134926858571733,-1.0119216594663978,0.34015240174888395,-13.093725377921299
33,2024-01-02 08:00:00,B,2.358594368127653,-1.1397697738386714,0.8558561814152104,69.043614988784
34,2024-01-02 09:00:00,C,0.1350369628202179,-0.8408057494398591,0.6169094223028726,-39.297915918567
35,2024-01-02 10:00:00,B,4.121495849763974,-0.44960750513031794,-0.8232998103757878,200.06602303147227
36,2024-01-02 11:00:00,A,3.510681684886409,-0.9572130691896994,1.972910256117534,111.02930728239457
37,2024-01-02 12:00:00,A,-0.497928296958147,-0.5147611655600333,0.22325697426019353,-36.20486626058015
38,2024-01-02 13:00:00,C,1.9431419019087108,-0.7150343373559421,1.6082468641111496,48.22821305240731
39,2024-01-02 14:00:00,B,1.290751899170295,-0.15061430275723559,3.5180826697499734,1.4156739666891802
40,2024-01-02 15:00:00,B,2.7372631150646973,-1.0232676216109173,0.6016154084135767,92.48782150054333
41,2024-01-02 16:00:00,C,-1.929846921160209,-0.8340359046608887,-0.9302875227463296,-90.47774690148526
42,2024-01-02 17:00:00,C,1.3721029199968786,-0.6779324797568982,1.3949957781198892,3.54201603945587
43,2024-01-02 18:00:00,C,2.1168489736991756,-0.4473288910715569,2.864959634998571,39.53081505144609
44,2024-01-02 19:00:00,A,-3.5174789728462286,-1.0382719648125647,3.8073474542205936,-239.70051117305678
45,2024-01-02 20:00:00,B,-2.36651702533155,-1.2386240824093935,0.7064504055475831,-145.15465005288405
46,2024-01-02 21:00:00,B,-4.078464355520201,-0.49473780091881314,2.5216992232365216,-215.29205723843995
47,2024-01-02 22:00:00,B,-0.5388136688891155,-1.4035956126299394,1.6506895432199467,-92.44275856679083
48,2024-01-02 23:00:00,B,1.4350845115919246,-1.4613065324037366,2.1030516456958646,-6.9261658927195855
49,2024-01-03 00:00:00,A,3.004714104192056,-0.43379342002457033,4.948343347017035,52.9406030642362
50,2024-01-03 01:00:00,B,0.14818956083955037,-0.4304281733631512,0.898029671604847,-26.66591010328069
51,2024-01-03 02:00:00,B,3.2572310911425837,-0.2748957850383726,2.7537396614945733,99.59746920658124
52,2024-01-03 03:00:00,A,-2.7602029164297828,0.5524050418707136,3.068693171765433,-141.2714630414648
53,2024-01-03 04:00:00,A,-3.4067648787103093,,3.7897863249393473,-200.2284112907282
54,2024-01-03 05:00:00,A,-0.11109539779323756,0.6718505419886156,2.9069831534708954,-20.509468025555456
55,2024-01-03 06:00:00,A,0.7681308978786145,0.6094128475090204,3.2240505395041024,-14.163014972058553
56,2024-01-03 07:00:00,A,-0.06538949618818622,1.3293706606268125,2.633351432578209,-10.722013996934106
57,2024-01-03 08:00:00,A,-4.134884200079753,1.261251313892628,3.4051269412451073,-204.00100689245224
58,2024-01-03 09:00:00,B,ошибка,0.9716217207611018,2.9058077245025897,0.4100786002264556
59,2024-01-03 10:00:00,B,-2.6089390010097064,1.4469319547282171,3.985571889856051,-137.0360712216365
60,2024-01-03 11:00:00,B,1.339345097660077,0.4442266087835435,3.111389663956366,2.446870711530938
61,2024-01-03 12:00:00,C,0.7331964921936965,0.18603876384671686,3.9771003939021865,-40.469679785085354
62,2024-01-03 13:00:00,A,-1.8797595726547105,0.3434191317277625,3.691737186315022,-124.58144127953354
63,2024-01-03 14:00:00,A,-1.027733834673387,0.49021776739410516,4.970050250772168,-91.53436649686032
64,2024-01-03 15:00:00,C,-2.118427043777903,0.583777015652976,3.917606276411514,-127.73477477876993
65,2024-01-03 16:00:00,A,-0.12535819454634375,0.4980473352322795,2.3229675317931187,-21.313865008212854
66,2024-01-03 17:00:00,C,1.9102846410024765,0.7778055475429233,5.486921500713992,49.28528832216858
67,2024-01-03 18:00:00,C,-1.9714520926710875,0.4221113708282687,3.450267699137381,-130.97452592882703
68,2024-01-03 19:00:00,B,1.0080930310356888,1.3559818034371014,3.83523366135118,41.65969773310708
69,2024-01-03 20:00:00,C,-1.0605152367448816,0.9978985027343088,4.028338705956507,-96.6858232779673
70,2024-01-03 21:00:00,A,-1.5857456645246883,1.4083062496170835,6.1354380931708175,-128.25208202089723
71,2024-01-03 22:00:00,A,-0.21406071990911565,1.1592815171092392,2.764325786021305,-39.7681259800594
72,2024-01-03 23:00:00,B,-2.070484644838748,1.0996475087068514,8.178748533659995,-176.9545182395777
73,2024-01-04 00:00:00,A,-1.107298610694364,0.9623064362103125,6.240056809066052,-108.30326671436296
74,2024-01-04 01:00:00,C,-2.395755785177697,0.6868169860949169,5.552238914129159,-162.61409309486095
75,2024-01-04 02:00:00,A,3.9294502658327786,,5.421105999383713,119.05190205891016
76,2024-01-04 03:00:00,B,0.07052710394345722,0.35154371290736564,5.910554074857657,-77.81280148702488
77,2024-01-04 04:00:00,B,-1.3994510159851712,-0.2957780164414282,6.297122428379338,-156.62135088029615
78,2024-01-04 05:00:00,B,0.427959821468444,-0.4176083726131926,6.574215585950057,-97.63416852731532
79,2024-01-04 06:00:00,A,-0.22465609938165965,-0.8774027436718129,6.6396044660034494,-102.73471436324824
80,2024-01-04 07:00:00,A,-0.44193919906644596,-0.56705336586164,6.330580681255249,-122.16062649718361
81,2024-01-04 08:00:00,C,1.2283334000868504,-1.2722086703396145,6.202661579692674,-65.410133070339
82,2024-01-04 09:00:00,A,1.5150154200946102,-0.5240353593366657,6.409726716346488,-8.842082126600701
83,2024-01-04 10:00:00,C,-1.061002295221055,-1.0088466379471004,6.529091719647319,-176.42486286803353
84,2024-01-04 11:00:00,B,-1.15163648128936,-1.3160331405442247,8.022770096867065,-206.65598538950985
85,2024-01-04 12:00:00,B,-0.550103394303288,-0.7203916219632415,7.649556722280862,-158.7308005659893
86,2024-01-04 13:00:00,B,-4.60384232947117,-0.8425230391868573,4.284611365335721,-287.7303499205896
87,2024-01-04 14:00:00,A,-3.0303821243971045,-0.29525376630431094,8.051900776529761,-245.5677364707441
88,2024-01-04 15:00:00,B,2.7337485348890493,-0.6987132268361319,7.763736194718775,12.946470693345725
89,2024-01-04 16:00:00,C,3.2899354270025674,-0.6464109987794624,7.725291243554103,63.81876578722661
90,2024-01-04 17:00:00,A,-0.49807207911275664,-1.1414939638742512,7.532481546911114,-180.6845877756002
91,2024-01-04 18:00:00,C,1.1531139261115328,-0.8137705393454826,9.224112719986014,-82.60394430745897
92,2024-01-04 19:00:00,A,0.6225003090870722,-1.5312142637425206,9.228526462122858,-140.36531074637338
93,2024-01-04 20:00:00,A,6.157761616910475,-1.4038252092968788,7.691122332176391,133.58169912590262
94,2024-01-04 21:00:00,A,2.2391498228691535,-0.7982924872552589,9.056052287124537,-46.759387052557315
95,2024-01-04 22:00:00,C,-0.25583518296153307,-0.8382609350203138,7.864343265458714,-148.83980273624022
96,2024-01-04 23:00:00,A,-1.9110808812008515,-0.9260106000800312,7.64538183521107,-189.48325477540462
97,2024-01-05 00:00:00,C,-3.212892640515145,-1.245948863400427,8.589282775410036,-280.11818467529883
98,2024-01-05 01:00:00,C,0.4069272717344462,-0.7952302273784035,10.27139347238276,-137.36398057099896
99,2024-01-05 02:00:00,A,-1.5127014905686067,-0.5401679496689001,10.557125045376088,-204.25255644084885
100,2024-01-05 03:00:00,A,-2.8445074191953483,-0.5968808883590231,10.314085420097292,-300.0645171033817
101,2024-01-05 04:00:00,B,-1.2931457684850531,0.51393867326319,10.725095786847998,-204.19031663587822
102,2024-01-05 05:00:00,A,-2.16309600722879,0.6326985275025543,10.717178287114958,-251.44496102634668
103,2024-01-05 06:00:00,B,3.3742832701451295,0.5765129114338599,9.762518404777047,29.771433287908206
104,2024-01-05 07:00:00,A,1.763279513898901,0.8677748013032053,11.04092254467394,-41.37294488929132
105,2024-01-05 08:00:00,A,-0.015945282633234744,1.0669895945164445,11.616409525227683,-125.1934339846463
106,2024-01-05 09:00:00,B,2.9598882777800517,0.45823810581560975,11.779291329813574,-7.639718596281678
107,2024-01-05 10:00:00,A,0.1547366152952366,0.9881328675190627,12.424913371474643,-149.84919865245828
108,2024-01-05 11:00:00,A,-1.7225684026565273,0.787521611094947,12.157303847201064,-207.74969020316283
109,2024-01-05 12:00:00,A,3.0462481545393145,0.580129236250104,12.015448207541583,-2.526382906558291
110,2024-01-05 13:00:00,A,1.0778200873693173,0.6680827761952057,12.951150238316428,-95.36369190305247
111,2024-01-05 14:00:00,B,-2.074492308652913,1.1721006579625313,12.07347874075094,-247.71013229312672
112,2024-01-05 15:00:00,C,-0.3806773561672164,0.7362723632948819,11.439125348772283,-145.19593070078983
113,2024-01-05 16:00:00,A,-1.7512365067695144,0.3307422112633174,12.380933036056236,-249.66712890093558
114,2024-01-05 17:00:00,B,-2.765599461928672,0.6862446912703454,12.02409735519355,-271.4598299623165
115,2024-01-05 18:00:00,B,1.8523550950632828,0.9987570423080658,12.320821725025619,-46.00848559015037
116,2024-01-05 19:00:00,A,3.818833280940261,0.9614158454955407,13.080481329284481,26.31953977515048
117,2024-01-05 20:00:00,A,-2.7971351476382824,0.8284137601651798,12.663580079000038,-283.5664239556842
118,2024-01-05 21:00:00,C,1.1259384733811417,0.7403077137741191,13.38103847036096,-106.44320491882924
119,2024-01-05 22:00:00,B,-1.3012851382436539,1.2396302791254215,12.030385333046214,-205.676801055379
120,2024-01-05 23:00:00,B,-0.9742507675293921,1.1927584893269396,14.374293707372939,-188.14759153509135
121,2024-01-06 00:00:00,B,-1.1847878484777383,1.3191941195014287,14.401205475362225,-212.40028578113734
122,2024-01-06 01:00:00,A,-1.727981539359632,1.1394470597200743,13.82391136893181,-216.8143103867941
123,2024-01-06 02:00:00,B,0.09704325588965398,1.0851541249771646,15.543245668432405,-179.62271883934412
124,2024-01-06 03:00:00,B,-1.6619002328220756,0.3649783435213952,16.06657013762656,-284.75285294994416
125,2024-01-06 04:00:00,B,0.5409136515596776,0.6292821577849717,13.768440135631025,-150.93896993011583
126,2024-01-06 05:00:00,A,-0.1004762188982739,-0.01934197766998265,14.862275221433785,-189.84236755089336
127,2024-01-06 06:00:00,A,-0.4778960937328195,0.2384170242769475,15.106857650212701,-224.1306598478293
128,2024-01-06 07:00:00,A,-1.8151273240831958,-0.8619085895704233,15.189096898891137,-296.5788478358514
129,2024-01-06 08:00:00,C,-1.1535426611366655,-0.34796458032247324,17.21347484193175,-293.4227178050106
130,2024-01-06 09:00:00,A,1.510782451651512,-0.9502894023385533,16.4471738612272,-198.86923938731127
131,2024-01-06 10:00:00,A,1.0018343752487615,-1.267462686832651,16.635485158689388,-214.31992709743747
132,2024-01-06 11:00:00,A,-1.955110489597102,-1.205264637214939,15.157137635593248,-335.06495639544204
133,2024-01-06 12:00:00,A,0.19866461085845175,-1.0834344763906145,18.059418030209226,-256.8966852098814
134,2024-01-06 13:00:00,B,1.502774246743578,-0.7471381951940298,16.449741605146528,-183.8123818102244
135,2024-01-06 14:00:00,B,-3.3388105622427435,-0.5891742375879008,18.015932630266327,-392.2214482095896
136,2024-01-06 15:00:00,B,1.08672038475987,-0.7995702911564648,18.502376937958193,-216.81584184785214
137,2024-01-06 16:00:00,A,-1.3252475178916934,-0.5480175000252097,19.85665859583865,-338.58920545807786
138,2024-01-06 17:00:00,B,1.1411973371863187,0.1412775383107826,17.46017960088089,-166.60657307743074
139,2024-01-06 18:00:00,A,-1.5265183130850337,0.0017469644787504457,16.024487844179177,-268.0986572993791
140,2024-01-06 19:00:00,A,-3.609764201329038,-0.45247508729223285,19.504849544753696,-432.9214733360992
141,2024-01-06 20:00:00,A,-3.2550848757663253,-0.678626389155641,21.400511181510854,-457.4762572025141
142,2024-01-06 21:00:00,A,0.09616989332276399,-0.7809831441371987,21.119946352939436,-317.63776581947684
143,2024-01-06 22:00:00,A,0.5194450034429637,-0.7559970256812607,20.373659415274627,-273.8248157296927
144,2024-01-06 23:00:00,B,-1.8086332502088172,-1.3406181793280205,19.957363814367955,-387.9799968172029
145,2024-01-07 00:00:00,B,1.2771849175547478,-1.1524643893224071,21.54312259663731,-254.85457586600066
146,2024-01-07 01:00:00,C,-3.3230401245379197,-1.548003418133002,20.051453800295533,-459.63830544809457
147,2024-01-07 02:00:00,A,-0.13215959729463314,-0.8219738104143636,21.79235776935622,-305.9097479849709
148,2024-01-07 03:00:00,A,-2.4220323995249133,-0.5653338555186425,22.11447015916663,-424.18346979837804
149,2024-01-07 04:00:00,A,-1.3036722156043183,-0.656848396673123,22.96420990749888,-379.87214594911563
150,2024-01-07 05:00:00,C,0.09479734263282803,0.2534932299789185,24.96066003891108,-303.2544307973435
151,2024-01-07 06:00:00,B,-1.7208267305679048,-0.27342322971774186,22.892415967178767,-382.74393320678894
152,2024-01-07 07:00:00,B,-0.7691110884596507,-0.04056716617321482,22.292036374292504,-330.92273337710355
153,2024-01-07 08:00:00,A,2.012585618428881,0.7346928000640436,23.078425687808004,-202.3352940677423
154,2024-01-07 09:00:00,B,-1.1537837390462975,1.1917441486929028,21.63992409511088,-315.3984105552787
155,2024-01-07 10:00:00,A,1.6713842241302836,1.5198303634389148,23.02128686891094,-200.0136302281739
156,2024-01-07 11:00:00,B,-2.259413709315236,0.9354629825389822,23.6157175618869,-396.9770571545592
157,2024-01-07 12:00:00,C,1.0596083558305656,1.3813623474350756,23.81191160206541,-220.85417016063778
158,2024-01-07 13:00:00,C,2.8831372413158007,0.9708898403198917,24.801354872033723,-174.6073569257856
159,2024-01-07 14:00:00,B,-4.943289000254579,0.8163338790379938,24.141580067617802,-539.0854844268631
160,2024-01-07 15:00:00,A,-1.5937905109409536,1.0047600605398253,26.40203066732447,-371.7965045826036
161,2024-01-07 16:00:00,C,1.15414425436108,0.8179036365966201,25.600207064918198,-260.3785372252833
162,2024-01-07 17:00:00,B,-0.4060907720859854,0.06460552927913848,25.911699678861385,-377.0537892877349
163,2024-01-07 18:00:00,A,0.7422917467426177,0.9438114309891359,25.91610528348708,-289.8604747491999
164,2024-01-07 19:00:00,A,-1.2079703734316412,0.9327208459839074,26.72419068385898,-381.9746541402376
165,2024-01-07 20:00:00,A,0.17317957494579983,0.400226251050155,27.721098264667635,-325.58792785860805
166,2024-01-07 21:00:00,A,-0.31135447078415895,0.814821961109089,26.3578697842891,-355.4112940398893
167,2024-01-07 22:00:00,A,2.3355641233196147,0.9716599853237835,26.897883510924743,-211.49365058484716
168,2024-01-07 23:00:00,B,0.5088416866024262,1.0238443588401276,27.585273971223334,-296.4665800083423
169,2024-01-08 00:00:00,A,0.6752053241504044,0.872174099488292,26.878129076526786,-309.87491682531174
170,2024-01-08 01:00:00,A,-0.8237539322449348,0.8741279436269733,27.741742140278504,-384.5622254819789
171,2024-01-08 02:00:00,B,-0.9752124481449871,1.0363572658159077,28.423779126455344,-406.105011127987
172,2024-01-08 03:00:00,C,-0.8651163756392418,1.2862111817386408,30.11538918071273,-406.1736553470527
173,2024-01-08 04:00:00,B,0.7889042847565937,0.9116118191755078,29.846561329001926,-335.19333017508177
174,2024-01-08 05:00:00,A,-0.8419689616405259,0.3869364634531268,30.122589911367548,-417.200970060206
175,2024-01-08 06:00:00,C,0.5795497137928258,0.4348011691972916,31.126897962167973,-359.2311957772462
176,2024-01-08 07:00:00,C,4.150801597290878,-0.9645321993035029,30.487628211600605,-249.015559617963
177,2024-01-08 08:00:00,A,1.7422494068633847,-0.06860907953588008,31.36646484992889,-362.4587779751136
178,2024-01-08 09:00:00,A,-0.6520470643356823,-1.2013288894339071,31.225778247067506,-472.9884723536834
179,2024-01-08 10:00:00,B,2.4024278443278897,-0.9950228100006332,31.949362349399628,-334.7572022724456
180,2024-01-08 11:00:00,C,-0.8161507460431028,-1.3553439105500587,31.458241342388423,-483.9458574675657
181,2024-01-08 12:00:00,C,-4.076249070355708,-1.4624371187306204,29.96118284172357,-622.1193262787322
182,2024-01-08 13:00:00,C,-2.016172621834808,-0.7070179171976603,32.6267208378137,-538.6246197963261
183,2024-01-08 14:00:00,B,-3.7415838420517114,-1.1177664968948051,34.54674813609994,-634.6484165527685
184,2024-01-08 15:00:00,B,-0.7030269680826173,-0.7578695867956452,34.41521540224159,-500.71845610654657
185,2024-01-08 16:00:00,A,0.0368367583791034,-0.7474036761285814,34.821397484591174,-482.1105460111876
186,2024-01-08 17:00:00,A,3.3528746245505654,-0.4739243210260501,35.46113072180622,-334.9315241404215
187,2024-01-08 18:00:00,A,0.6538547475283253,-0.5114105373751208,34.68465759096144,-443.6203326517464
188,2024-01-08 19:00:00,B,-0.4382010576177285,-0.8853310938278829,35.166315707405595,-485.609797964798
189,2024-01-08 20:00:00,B,1.6588111623669783,-0.22212119310056028,34.72634810456565,-391.35728533087746
190,2024-01-08 21:00:00,B,-4.42227061801577,-0.7406439442135173,35.404927143972955,-687.0398375360353
191,2024-01-08 22:00:00,A,0.47122911621713187,-1.16915786691041,36.71577114977114,-499.73584960080353
192,2024-01-08 23:00:00,B,1.5417303877739337,-0.9583311363482432,37.68488443716882,-438.0382476755083
193,2024-01-09 00:00:00,A,-2.957172491559683,-0.5009271162541129,36.724553724319,-606.1700583163398
194,2024-01-09 01:00:00,A,2.287508086413858,-0.7855498950477235,36.79881073514859,-396.5294030390369
195,2024-01-09 02:00:00,B,0.6769928149888282,-1.180397454140198,37.6365279588566,-495.51260110551976
196,2024-01-09 03:00:00,B,-0.8305758278016026,-1.1451988924614735,38.626206748929114,-576.5589686795179
197,2024-01-09 04:00:00,C,1.2655637322125697,-1.0233420558124813,36.97214518386646,-488.1004926519845
198,2024-01-09 05:00:00,A,4.541385715608792,-0.11438334726962018,36.51281904686276,-269.50856762536364
199,2024-01-09 06:00:00,A,0.3637325101169903,-0.369656147203842,38.653463150508415,-501.54159606832457
200,2024-01-09 07:00:00,A,0.49644117260067216,-0.05882122334948395,38.38028757408584,-480.08015176294987
201,2024-01-09 08:00:00,A,-0.9187217990804882,0.4346921344015852,39.49185980235269,-560.944598344929
202,2024-01-09 09:00:00,C,-1.6996887389295836,0.49927525893189806,40.25321968118253,-600.4550374113786
203,2024-01-09 10:00:00,B,1.6606716330884912,0.6136097145012425,40.35075159097699,-446.91368956239677
204,2024-01-09 11:00:00,C,-1.7121676518177344,0.8358751045649636,42.661467534470745,-605.8458895916317
205,2024-01-09 12:00:00,A,0.14313247443878493,1.0025549165359375,41.94274476460232,-526.2182908298865
206,2024-01-09 13:00:00,C,-0.9553148935302334,1.0635851001284677,42.32547435961083,-547.4569464530407
207,2024-01-09 14:00:00,A,0.9579596514927837,1.2709136030556998,43.0582071440434,-486.5819796827173
208,2024-01-09 15:00:00,C,0.6673242105738966,0.9879583000490781,41.710166882219234,-511.4389665449746
209,2024-01-09 16:00:00,A,2.0750798885157984,1.075279293302035,44.30311178742027,-464.7288526892648
210,2024-01-09 17:00:00,A,-1.020032797709494,0.7028092103504401,43.60523571346454,-612.135896114964
211,2024-01-09 18:00:00,B,-0.5397498705867425,0.6355426136038409,44.77048061724121,-627.5509859618446
212,2024-01-09 19:00:00,C,-1.9575274315646147,-0.06794591626637914,43.449142766959845,-643.1645595919402
213,2024-01-09 20:00:00,A,-0.8885865201522232,0.7750543592455813,43.390241233983936,-583.8668981340876
214,2024-01-09 21:00:00,A,0.7546009860897044,0.6273848904150133,46.18688965802503,-552.3652935106684
215,2024-01-09 22:00:00,C,1.5139772332907038,0.8966388348804,46.17240952609752,-515.6091075526077
216,2024-01-09 23:00:00,A,-1.8443306483552508,-0.16054487010759178,45.32294844564249,-703.9193838947513
217,2024-01-10 00:00:00,A,1.7392118402113204,1.4628386998580547,45.786336918725304,-494.1391353234841
218,2024-01-10 01:00:00,A,2.711275717609902,0.914710890832889,48.21443478441477,-479.0670580908657
219,2024-01-10 02:00:00,A,0.8268698064474017,1.376285034559083,46.334588107132674,-552.3170672776322
220,2024-01-10 03:00:00,C,3.753591625116132,0.7638386465791085,49.60367295325596,-497.93674639473744
221,2024-01-10 04:00:00,B,-1.547578398207146,1.2204542672871208,47.49937926535213,-668.5617657465762
222,2024-01-10 05:00:00,B,-2.489309406622834,0.6030941697925898,49.47939192560838,-752.1767081597542
223,2024-01-10 06:00:00,C,-3.557440497808557,0.5389919377844996,48.95538152425102,-791.6947742626097
224,2024-01-10 07:00:00,A,2.992088622978366,1.0444529215852678,50.33218743108234,-492.425631726778
225,2024-01-10 08:00:00,A,1.3087313127081155,0.11512808731327343,49.63188599788581,-584.5961864947268
226,2024-01-10 09:00:00,A,-0.11116934182091014,-0.07598607823814785,50.4622070939277,-669.7335381747063
227,2024-01-10 10:00:00,A,0.5599372526396406,-0.18092097317597422,51.11691917539572,-638.5040286334607
228,2024-01-10 11:00:00,A,-2.250978094596753,-0.5543731554429112,50.52681254421853,-802.9726678299177
229,2024-01-10 12:00:00,C,4.891503959233653,-0.8579563718305159,52.724824345420124,-489.9582628112824
230,2024-01-10 13:00:00,B,0.258442363950455,,51.92778643352842,-689.3030176777604
231,2024-01-10 14:00:00,A,0.21878958920978578,-0.3542621707852184,52.67140008465998,-710.6055864516102
232,2024-01-10 15:00:00,B,1.451533247797384,-1.067122425289457,52.36665062539149,-672.5544086152852
233,2024-01-10 16:00:00,B,0.9620184634734265,-0.9068708689289218,51.26166634120469,-666.1690753711046
234,2024-01-10 17:00:00,C,0.44776804855826274,-0.5339285513870886,54.09797223739983,-716.184736312474
235,2024-01-10 18:00:00,C,-1.5809489108906238,-0.389097353274139,57.16861542161291,-826.4869679175769
236,2024-01-10 19:00:00,B,0.9429367142719914,-0.2508464788367745,56.00960428789803,-711.0725867857057
237,2024-01-10 20:00:00,B,3.7640489929500673,-0.3370769883455613,55.6767396202656,-584.2506606438391
238,2024-01-10 21:00:00,B,2.6908400923099554,-0.8429188147602859,55.90610917079174,-645.7641288706545
239,2024-01-10 22:00:00,B,3.186373253278794,-0.035974211071821416,56.66646589281204,-590.0405557132378
240,2024-01-10 23:00:00,A,-1.0224313528623703,-0.9459530210278813,57.66811911517521,-831.7713366805971
241,2024-01-11 00:00:00,A,-1.9792096405171618,-0.6237326934803262,56.419187184691154,-852.8140343747829
242,2024-01-11 01:00:00,B,-0.2515738401992963,-1.069019550544575,59.19532169466888,-821.785317217821
243,2024-01-11 02:00:00,A,0.11144982457738921,-0.9811788175996982,59.27938131544124,-785.9567854582962
244,2024-01-11 03:00:00,A,2.188383036941897,-0.9482757413563281,59.76718572570793,-723.9978465787121
245,2024-01-11 04:00:00,B,-3.3849292594296387,-0.9792320947023738,59.97447573880973,-953.1629554655509
246,2024-01-11 05:00:00,A,3.0591006389212274,-0.9060484858921036,60.044616657693986,-674.6512799884657
247,2024-01-11 06:00:00,B,-0.31601579715797884,-0.42708195112792297,61.18886123596682,-835.1126502307983
248,2024-01-11 07:00:00,B,-0.8537621398948401,-0.5786182666719595,61.60081413374138,-834.2228163096133
249,2024-01-11 08:00:00,C,-2.024208750520335,-0.5293909858508208,61.14995928905898,-926.2577198164824
250,2024-01-11 09:00:00,A,-3.3097133437315387,0.13243378593933036,61.427398227103104,-961.952794265936
251,2024-01-11 10:00:00,A,1.6463411679238291,0.5136335112245629,62.60185629526199,-754.535109710047
252,2024-01-11 11:00:00,B,0.14663593437680777,0.08786165072252294,64.55002015149519,-830.7688219668556
253,2024-01-11 12:00:00,C,-2.5799217994821078,0.8938985780811138,62.2648929243461,-893.7450046659433
254,2024-01-11 13:00:00,C,-2.590157544127232,1.1215471545387867,62.54147473424756,-892.2366904956704
255,2024-01-11 14:00:00,A,-0.6715693985802564,0.9433556611546919,64.68076084123652,-843.9582270113185
256,2024-01-11 15:00:00,A,3.338043050578786,1.4883513033309406,65.07588770185602,-671.9579699286896
257,2024-01-11 16:00:00,C,-0.5191827027272096,1.001887788337612,65.70934166437041,-869.7817141714896
258,2024-01-11 17:00:00,A,-3.0062859062362124,0.9996102496632719,66.2929531979085,-1007.1869963660031
259,2024-01-11 18:00:00,B,-0.49148612817188864,0.7908152482536094,66.34079774536521,-851.0934624827007
260,2024-01-11 19:00:00,A,-0.545447139495341,0.7191970473264725,68.57086343860209,-905.1921539717334
261,2024-01-11 20:00:00,A,-5.393773285883143,0.2731668770537163,65.99909602152348,-1114.873731669934
262,2024-01-11 21:00:00,A,-0.10858973303562441,0.09398840598386543,67.29250297521975,-873.4905137482
263,2024-01-11 22:00:00,A,-0.4618690604173559,0.9783688599086324,68.54074523985096,-913.0645277351762
264,2024-01-11 23:00:00,B,1.3924127296268367,0.2746076504588199,67.52581118884584,-815.893447213937
265,2024-01-12 00:00:00,C,3.6979121898906904,0.30953786566799457,69.52014559556793,-744.4086014709949
266,2024-01-12 01:00:00,A,2.253130059095515,0.07473809908041096,71.88647016572803,-836.6035687358647
267,2024-01-12 02:00:00,C,-0.5377773811096611,0.6574363458825244,70.77688648829596,-942.4808152954246
268,2024-01-12 03:00:00,A,-2.2130518174833407,0.5702736449211652,71.51970090571868,-1048.460301832962
269,2024-01-12 04:00:00,B,5.146719606499721,1.5424413342202887,70.56383523482742,-657.5187476576907
270,2024-01-12 05:00:00,A,0.11843686802897652,1.3782319731594919,71.74463859196052,-892.4704205402716
271,2024-01-12 06:00:00,C,0.027858583825892406,0.8219840718191523,72.52480361967606,-935.2380381555787
272,2024-01-12 07:00:00,B,-0.048250174220006554,1.5788127849768796,73.12328490324377,-916.6032271819223
273,2024-01-12 08:00:00,B,0.3961695215357099,0.9976073679321722,75.26564379500377,-963.4136319895946
274,2024-01-12 09:00:00,C,-0.28872082384788494,0.34449187733000974,75.08669106072512,-995.6768751992745
275,2024-01-12 10:00:00,B,-1.1473240137604725,-0.6086057742700117,73.96454204306298,-1052.1263976840985
276,2024-01-12 11:00:00,C,-1.0937178824807843,0.5149499642349511,75.871504778432,-1028.0528231530589
277,2024-01-12 12:00:00,B,-0.06550654043199677,-0.8871152554542994,76.67422174849679,-1037.545356643042
278,2024-01-12 13:00:00,C,-1.08684954226753,-1.2197422500803041,77.86914903852127,-1099.6054438328956
279,2024-01-12 14:00:00,B,-1.4256915653543287,-0.6123477091417933,78.86454068656838,-1107.2541003290596
280,2024-01-12 15:00:00,A,0.21286045538379367,-0.30469637386656645,76.82590580817214,-1003.3295030081656
281,2024-01-12 16:00:00,B,-0.5099544348417105,-0.6605285791636157,77.58914248878966,-1060.768714446957
282,2024-01-12 17:00:00,A,3.007985977165377,-0.8746574535221212,77.70342214108538,-924.9663291582546
283,2024-01-12 18:00:00,B,-5.301939616786024,-0.7781614767798506,79.28998014089302,-1306.9183880397845
284,2024-01-12 19:00:00,A,2.1830137038449235,-0.5803016207897469,80.55535837444633,-986.3421668010978
285,2024-01-12 20:00:00,B,2.492170384995258,-0.4806531664144841,81.6433345165891,-981.6703803093396
286,2024-01-12 21:00:00,A,-4.146780464816299,-0.5128783747316895,81.14904897635749,-1277.1178075719279
287,2024-01-12 22:00:00,A,-0.6853751881606975,-0.49217801646005155,81.47615247674516,-1131.969934013554
288,2024-01-12 23:00:00,A,-0.7428817319915829,-0.5189339952046935,82.52075799224875,-1161.7604466919252
289,2024-01-13 00:00:00,C,-2.8150233894356425,-0.7577036657532572,82.10885709836998,-1239.592087444613
290,2024-01-13 01:00:00,A,-1.5556333751817506,-0.696154579569048,85.61053872169478,-1215.9761582999718
291,2024-01-13 02:00:00,A,-2.2211516909316575,-1.234911228641633,82.49233897288195,-1238.9040573307573
292,2024-01-13 03:00:00,B,ошибка,-0.884989158175782,84.86574057889572,-984.1009246740473
293,2024-01-13 04:00:00,B,1.8713567862949223,-1.2689518664521662,87.28760621922963,-1075.4594083130946
294,2024-01-13 05:00:00,A,2.5431101899883175,-1.383701535129339,85.85579984456,-1040.4934307297792
295,2024-01-13 06:00:00,A,1.4433441280864703,-1.020783525735377,86.24596096499852,-1078.033371081069
296,2024-01-13 07:00:00,A,-2.2581035424344584,-0.606434608456778,86.66755457718958,-1256.8651613892428
297,2024-01-13 08:00:00,C,-1.0490405325595473,-0.6192850774897666,87.4356083182376,-1202.471493226096
298,2024-01-13 09:00:00,A,0.9787491224558361,-1.1624725393344066,89.58184847467653,-1177.5463976293897
299,2024-01-13 10:00:00,A,-2.4442556177838908,-0.7245269521950509,86.5921380886705,-1280.8102210939787
300,2024-01-13 11:00:00,A,1.4259968603447761,0.15662425820441905,90.93443370129633,-1167.3047839016065
301,2024-01-13 12:00:00,A,-0.48065079631627006,-0.10691250055469406,88.57604284754986,-1178.3156980125464
302,2024-01-13 13:00:00,B,-0.749641615099195,0.416846837874201,90.33434767076558,-1195.5932942632862
303,2024-01-13 14:00:00,A,1.421919936406983,0.9024233720452444,90.77475557970135,-1117.7225817235687
304,2024-01-13 15:00:00,A,0.8885266229720795,0.6363482039881776,92.39755326977071,-1166.2810356606071
305,2024-01-13 16:00:00,A,-0.7219323316381598,1.0720342330097332,90.81787564811624,-1213.6412174446743
306,2024-01-13 17:00:00,A,2.318659606728496,0.675594165342378,93.48717266608195,-1106.5905733724398
307,2024-01-13 18:00:00,A,-2.1621266551997946,0.8602061244964111,95.66030962328685,-1323.8429834069875
308,2024-01-13 19:00:00,C,1.2318712138885275,1.0470896336871645,92.88582599540719,-1165.9302602615492
309,2024-01-13 20:00:00,B,1.1862025159367675,0.35199846799896567,95.0537061676104,-1186.569686067799
310,2024-01-13 21:00:00,C,-0.6190928786279806,0.8343257187006015,94.8190178222034,-1261.727072144806
311,2024-01-13 22:00:00,C,0.652266044484236,0.5866256295871219,96.52588720619305,-1227.9849909676975
312,2024-01-13 23:00:00,B,-2.502227152770606,0.6867482252598457,96.74014777741576,-1366.6358144489263
313,2024-01-14 00:00:00,A,1.848054038413802,0.5676076667907106,96.7025130909557,-1180.5586787613163
314,2024-01-14 01:00:00,B,-0.36980427288597806,0.9436992336853494,98.45687228487108,-1293.3820365872261
315,2024-01-14 02:00:00,C,-1.045446041038079,0.6546039199873517,100.40034810978675,-1358.5348967507466
316,2024-01-14 03:00:00,B,2.0980184516737785,0.604505840127248,99.03409620827271,-1183.999472789847
317,2024-01-14 04:00:00,B,-1.4086873810855185,0.8985100022245497,100.57575794214819,-1362.7881056604792
318,2024-01-14 05:00:00,A,-2.8169225927271193,1.140445545212152,99.19572704212884,-1404.6991093495797
319,2024-01-14 06:00:00,C,-3.1132583470478075,1.0699239745089208,100.16756362318199,-1452.1607767791374
320,2024-01-14 07:00:00,B,1.2120199026912792,1.086210183375514,102.23340627788038,-1271.4737752067886
321,2024-01-14 08:00:00,C,-2.560858704992566,0.8088454358201856,103.88411602853597,-1454.7263195842681
322,2024-01-14 09:00:00,A,3.5095883639687293,0.6874202523144092,103.39661334878566,-1187.6254453558647
323,2024-01-14 10:00:00,A,-4.163858815767444,0.25863317426056603,103.37094196947685,-1537.872593350778
324,2024-01-14 11:00:00,A,3.3929127365800764,0.9381118126035888,104.32829140542336,-1176.266561415079
325,2024-01-14 12:00:00,B,0.4220349344052368,-0.26318955750290973,103.72559226603028,-1343.3480470669026
326,2024-01-14 13:00:00,A,-0.19342622374078478,-0.4111631153415579,106.22951532635537,-1420.388760229064
327,2024-01-14 14:00:00,A,-1.0898381736178995,-0.7136429427497216,107.15833306232341,-1488.914512823047
328,2024-01-14 15:00:00,C,0.7982722287041417,-0.4800544597138486,106.47690966716692,-1414.9150254556498
329,2024-01-14 16:00:00,A,-0.07526940484969673,-1.0228773794484414,107.1139578522405,-1445.8931880711825
330,2024-01-14 17:00:00,C,2.206603764033043,-0.6697008653112229,108.50687822965205,-1353.8480868913587
331,2024-01-14 18:00:00,A,0.2284552973240793,-1.2776621412815496,108.4632802639594,-1449.2551972334072
332,2024-01-14 19:00:00,C,0.3006035229237552,-0.9535673969747759,109.49486738537418,-1458.317716691113
333,2024-01-14 20:00:00,B,-0.7272244244277117,,112.32372178916651,-1550.6445555190803
334,2024-01-14 21:00:00,C,-0.11389124744213491,-0.17990619110695139,110.641974299254,-1493.4071000864349
335,2024-01-14 22:00:00,C,0.6156035377841184,-1.0523604267867224,111.19765984797877,-1479.2927505217474
336,2024-01-14 23:00:00,A,-3.420336785313251,-0.49494884843490516,111.57745819436485,-1634.3369212995194
337,2024-01-15 00:00:00,A,-2.696370844211426,-0.32856037546004324,113.64019197149993,-1608.3661917487207
338,2024-01-15 01:00:00,A,1.48652818804543,-0.3767095968359172,113.3877758267819,-1440.365851582123
339,2024-01-15 02:00:00,B,0.3417308762558837,-0.5931094740377245,113.59462696167857,-1495.009347673475
340,2024-01-15 03:00:00,C,-0.36796667270535827,-0.6611529829926205,116.24230403227301,-1555.7428344203795
341,2024-01-15 04:00:00,A,0.03686786613078632,-0.7265186377000868,117.01960300451364,-1572.2744473471212
342,2024-01-15 05:00:00,B,0.6951634107233421,-0.9122226695087892,115.6805764342613,-1514.2594687370977
343,2024-01-15 06:00:00,A,-1.079519360618723,-0.6932786461316336,115.09746004863938,-1595.7016601305818
344,2024-01-15 07:00:00,C,-1.5566094508046253,-0.3946011969282881,118.65651368983693,-1635.7183820076636
345,2024-01-15 08:00:00,C,0.3916905101953631,-1.240375796902012,117.65137017424,-1565.2879621248176
346,2024-01-15 09:00:00,A,-1.956745555230064,-1.4255929498752766,119.81562559916277,-1703.1072560858936
347,2024-01-15 10:00:00,A,0.8165055114289437,-0.904099272414631,117.74589618228818,-1550.7576729332118
348,2024-01-15 11:00:00,A,-3.4051672084756808,0.10655554680024226,121.30159733829932,-1743.4946056271128
349,2024-01-15 12:00:00,B,2.0583112746512873,-0.6398476682806526,119.89282807071922,-1478.7506316574281
350,2024-01-15 13:00:00,B,0.945194964826086,0.39742857245025365,122.53176411906652,-1577.4511493364064
351,2024-01-15 14:00:00,A,0.5120594686277513,0.722013043231021,122.51427306783643,-1579.7810411506614
352,2024-01-15 15:00:00,A,1.9653819678910278,0.3458159854709129,122.24706058060336,-1512.6964469291659
353,2024-01-15 16:00:00,A,3.3309488889251533,0.9301875611850412,123.49696368707322,-1445.0458161665372
354,2024-01-15 17:00:00,B,2.028740130036261,1.4302597341345058,125.29531845695671,-1532.3696763092787
355,2024-01-15 18:00:00,B,-3.6817484626632906,,125.42189445311524,-1835.0924071708482
356,2024-01-15 19:00:00,A,-2.559153933471403,1.014177320064699,126.60941298047248,-1743.3386862466898
357,2024-01-15 20:00:00,B,-1.2496371553913577,0.8592761355839101,128.7124405845155,-1723.5568750021741
358,2024-01-15 21:00:00,B,0.05218210042166757,0.635625398292518,125.88475838828894,-1665.5741441966923
359,2024-01-15 22:00:00,A,1.035318040938246,0.622209278632865,129.78121257496863,-1658.0574936394898
360,2024-01-15 23:00:00,A,-1.4514876263069312,0.3228453525774277,128.98535593752322,-1739.6433061666576
361,2024-01-16 00:00:00,B,0.37353352895415665,0.5935972286722084,128.70121595167686,-1647.798819760816
362,2024-01-16 01:00:00,C,-1.510765864706645,0.2855240172338695,128.990686374261,-1751.5459138719962
363,2024-01-16 02:00:00,A,-1.2230356059838965,0.5715393428100006,130.854879609223,-1770.2316703897943
364,2024-01-16 03:00:00,A,-2.8133221936964445,0.07394242848582483,132.69065011192447,-1875.9735257523548
365,2024-01-16 04:00:00,A,-1.8464664922218086,0.7267243596392304,132.3684508796225,-1813.861030696612
366,2024-01-16 05:00:00,B,-2.7033692112326673,0.9960835724812307,134.73615493024735,-1860.6137969955942
367,2024-01-16 06:00:00,A,-1.9517465059546655,0.276267286343178,132.50482430994842,-1841.7360529078478
368,2024-01-16 07:00:00,A,2.107283593215679,1.099547254886585,134.67691105215394,-1664.3823554531825
369,2024-01-16 08:00:00,B,-1.898797777663886,1.4283995847406292,134.1716065555869,-1807.0944669467447
370,2024-01-16 09:00:00,B,5.264764129674782,0.7091449801409566,136.52463188262496,-1545.9120842103955
371,2024-01-16 10:00:00,A,0.9866358017617785,1.5114343534286605,137.78688739009732,-1717.1772297901168
372,2024-01-16 11:00:00,A,0.3696722473897478,0.9944594240818662,137.22023820631892,-1777.633597066089
373,2024-01-16 12:00:00,B,-1.7167155603624271,0.443648687416035,135.7797861433729,-1859.3263745260108
374,2024-01-16 13:00:00,A,1.4006197588179827,0.3674305142133228,139.32794814679647,-1778.1925019995263
375,2024-01-16 14:00:00,A,-1.1512756524755479,0.2461199328342236,140.3127385517335,-1897.8353268143953
376,2024-01-16 15:00:00,C,0.24401962929072288,-0.21126232067095665,141.0292947549617,-1875.20427961292
377,2024-01-16 16:00:00,A,5.120169076537589,-0.36392210925566315,142.61178219182216,-1666.26029065611
378,2024-01-16 17:00:00,B,-0.19211979944929974,-1.0464903883051748,141.05794632035094,-1916.3386706060246
379,2024-01-16 18:00:00,C,2.2985466525713516,-0.8980872720046605,143.56421610545047,-1805.0731388166978
380,2024-01-16 19:00:00,A,-1.4063528502517748,-1.4747505025646033,144.83350751247798,-2004.2429848304062
381,2024-01-16 20:00:00,A,-0.0699769809939234,-1.1080806921050237,142.6214124159935,-1936.8544984827447
382,2024-01-16 21:00:00,B,3.54160127127102,-1.3013355774807736,145.48065182591898,-1776.1440097210498
383,2024-01-16 22:00:00,C,-1.2539341155755348,-1.1550477298627255,145.41982016899235,-1973.6786764532708
384,2024-01-16 23:00:00,C,3.6248971159938574,-0.43969669662599603,146.60747732689833,-1781.7569531059146
385,2024-01-17 00:00:00,B,1.4155038709109509,-0.35663270444342626,147.80367648353837,-1904.421813388001
386,2024-01-17 01:00:00,A,-1.1249335517885353,,147.73777143588643,-1974.6039667232328
387,2024-01-17 02:00:00,B,1.264815478111042,,148.3202919208384,-1939.4061257802134
388,2024-01-17 03:00:00,A,1.9451088992534598,-0.5970184431065968,149.80315241748804,-1904.4298705375122
389,2024-01-17 04:00:00,A,1.2436199244343928,-0.18009019492102424,149.45675406113722,-1918.8044085148806
390,2024-01-17 05:00:00,A,-3.140449439780913,-0.5902796258157066,150.23517487111482,-2123.108963200955
391,2024-01-17 06:00:00,A,-1.4542743516497372,-0.05661400206647815,152.7793732829565,-2079.350390041426
392,2024-01-17 07:00:00,B,-0.4950372711030095,-0.7626198874002649,151.73220596484134,-2051.4481408570487
393,2024-01-17 08:00:00,A,-0.14886685820009257,-0.9345021505472764,154.33031250090923,-2080.379345987629
394,2024-01-17 09:00:00,A,1.241344195101356,-1.1550210215359853,154.91159129285396,-2022.8433390464088
395,2024-01-17 10:00:00,A,0.35540200186650767,-1.0306962949082112,153.5101932712094,-2049.91686059633
396,2024-01-17 11:00:00,C,-2.6706887174202025,-1.0502157030463395,155.34743534766434,-2198.0421814696997
397,2024-01-17 12:00:00,B,0.7603957020119264,-0.6472764465982626,158.01010940304738,-2075.321801479507
398,2024-01-17 13:00:00,A,1.2211714905676463,-0.3557914685443851,156.62783446886033,-2040.7702576674537
399,2024-01-17 14:00:00,A,1.1195808958620797,-0.6052866784822336,157.9395957376906,-2033.3851502109317
400,2024-01-17 15:00:00,A,2.1615614511092436,-0.46228906880037374,159.6630608932519,-2028.0304708353033
401,2024-01-17 16:00:00,C,1.6678443090978081,-0.30149013032973104,160.78339050928258,-2071.051631347586
402,2024-01-17 17:00:00,B,0.9183601584568734,0.6914845860154892,160.54946111395552,-2061.998237955255
403,2024-01-17 18:00:00,B,-0.14033142291729406,0.44990683868364684,161.00648980530838,-2119.146252092606
404,2024-01-17 19:00:00,B,-3.321921867031983,0.3099888425759181,163.8313698616985,-2327.763498045038
405,2024-01-17 20:00:00,A,0.8592364382651717,1.1702214499748076,164.9548996637976,-2103.9781318267305
406,2024-01-17 21:00:00,C,0.4153753743262223,1.8219008378454022,165.0038580507818,-2125.8424285899036
407,2024-01-17 22:00:00,B,0.5431576743907469,1.0245956106365817,164.92131814256504,-2103.678415558053
408,2024-01-17 23:00:00,A,-2.553497151640619,1.180201594586653,164.84073427835907,-2254.310425646326
409,2024-01-18 00:00:00,A,-2.1621130808165248,0.8285992733181126,165.63355559344345,-2268.127495014256
410,2024-01-18 01:00:00,B,2.106305706665807,0.648411747613422,167.80351410526578,-2112.5488956032464
411,2024-01-18 02:00:00,C,-0.07911030771331008,0.8503546894869258,168.51839822088868,-2207.451982664708
412,2024-01-18 03:00:00,A,1.3630013947452488,0.42547360555843367,170.32259859294643,-2167.570839580943
413,2024-01-18 04:00:00,C,0.056636752260922345,0.5831437272669854,170.39445009253615,-2231.9274118521766
414,2024-01-18 05:00:00,B,0.05951227899149038,0.6439561728597334,169.0659196982402,-2215.1832290114544
415,2024-01-18 06:00:00,A,1.8765676119519954,,172.44794761772295,-2179.250847480916
416,2024-01-18 07:00:00,A,-1.0320894564347478,1.0564356512974293,171.2269393726856,-2287.5433783985504
417,2024-01-18 08:00:00,A,0.19224155388196673,0.8343126829001849,172.67202872804765,-2253.4986466495106
418,2024-01-18 09:00:00,B,-0.924550577410085,0.7700757049059449,174.1392002062517,-2347.766932398391
419,2024-01-18 10:00:00,A,-0.8689924548646312,1.2252704422810343,176.71966748978394,-2327.7945506585843
420,2024-01-18 11:00:00,A,-0.6183442469372787,0.7997505851845248,178.67091855600538,-2361.949183083586
421,2024-01-18 12:00:00,B,0.4442675432674257,1.0075428777072208,177.0067230591362,-2300.423744398171
422,2024-01-18 13:00:00,B,-0.9574972433269546,0.8477463363923845,177.05780338127963,-2333.982219519061
423,2024-01-18 14:00:00,A,2.5115122511470416,0.956078169639218,178.61850564848055,-2218.1947385611893
424,2024-01-18 15:00:00,A,-1.7892146044390078,0.4971438372158623,179.81665542587385,-2455.2748286381297
425,2024-01-18 16:00:00,A,-0.3737432883227181,0.03969395850883027,179.45533237444283,-2373.57926769502
426,2024-01-18 17:00:00,B,-0.8794621165483498,-0.019292066040015488,182.42021135591233,-2443.109532266895
427,2024-01-18 18:00:00,C,2.8939557687074657,-0.1354421533845261,181.7060707591914,-2265.788805444904
428,2024-01-18 19:00:00,A,0.39310955302314926,-0.624033160235092,182.8267430890914,-2417.140024418594
429,2024-01-18 20:00:00,C,2.0636890789372697,-0.9595157570076989,183.84992425205445,-2352.232946972945
430,2024-01-18 21:00:00,B,-2.971120746073944,-1.4500147829009742,184.46258661061447,-2610.311152228979
431,2024-01-18 22:00:00,B,0.5341005317385177,-1.392651599063261,185.73894050046962,-2456.26243290288
432,2024-01-18 23:00:00,B,1.779261591246874,-1.1141112675584817,185.14374681345308,-2416.805256459244
433,2024-01-19 00:00:00,A,0.16456797855084837,-1.1057060828629066,186.06569824605396,-2482.7798593761518
434,2024-01-19 01:00:00,A,2.1309607501307024,-0.853664588981031,186.3888457670283,-2363.4367722680568
435,2024-01-19 02:00:00,B,-1.0345769002007443,-0.6551939511194952,188.79550123062023,-2565.8428306823675
436,2024-01-19 03:00:00,B,2.81869488037116,-0.41151032628216055,190.0039365035121,-2398.831948051037
437,2024-01-19 04:00:00,B,4.5977962472385006,-0.5319248142738956,190.5537728661519,-2326.576789441417
438,2024-01-19 05:00:00,A,-0.7256771208793181,-0.35794307915289436,192.64349243334752,-2600.7946849047175
439,2024-01-19 06:00:00,C,-0.8910050428015436,-0.5316492282490962,191.83840398117096,-2615.053661170161
440,2024-01-19 07:00:00,B,2.906768954235402,-1.2363362850302972,193.38974165559253,-2455.963055561546
441,2024-01-19 08:00:00,A,3.1591442914614247,-1.0470526568270158,192.50829912386067,-2423.248098064834
442,2024-01-19 09:00:00,A,-1.0457200543065366,-0.9361671226304045,194.0939002975256,-2634.246280042291
443,2024-01-19 10:00:00,B,-0.8403736341917145,-1.3642829027472547,196.05953775756578,-2663.136744224955
444,2024-01-19 11:00:00,B,-0.5635692177210144,-0.8862123415061652,197.09810211074313,-2649.529380514375
445,2024-01-19 12:00:00,A,-2.688901022068554,-0.6084082124396607,196.8420330523358,-2722.5220453413212
446,2024-01-19 13:00:00,C,-1.8373038929683965,-0.627875611601096,197.95340074814195,-2714.88974742333
447,2024-01-19 14:00:00,A,-2.0082815335041357,-0.9051069924887045,197.3981262533192,-2727.4452539198937
448,2024-01-19 15:00:00,A,-1.5355951302082569,-0.1704589465107445,199.4519707991934,-2710.380946071309
449,2024-01-19 16:00:00,C,-0.06936977477356236,-0.295297870520285,201.5943831635198,-2664.2754857382893
450,2024-01-19 17:00:00,C,0.4684294650730415,,202.17620501610656,-2632.570778190791
451,2024-01-19 18:00:00,B,3.1010009856281537,0.09579110699508786,203.0006657213812,-2544.8279009220023
452,2024-01-19 19:00:00,C,-1.996708081477582,0.47505684909413615,203.45077368718097,-2762.4584828237194
453,2024-01-19 20:00:00,A,1.9686447969531675,0.6852116998553484,204.31106315862817,-2585.6493157904783
454,2024-01-19 21:00:00,C,-0.4279776884510179,1.020316309217713,204.54867886052656,-2706.0093035554396
455,2024-01-19 22:00:00,A,-0.0989274193048659,1.1072571160659508,206.81482842020256,-2705.6044904729147
456,2024-01-19 23:00:00,A,1.3496389843332075,1.0729780304474585,207.44597294438938,-2668.5191238355483
457,2024-01-20 00:00:00,A,-2.2454440431245972,1.1496283374145706,208.4280188479928,-2846.305706790365
458,2024-01-20 01:00:00,A,0.7648194923681012,1.2741799822777549,208.32296515733245,-2677.5752702271475
459,2024-01-20 02:00:00,A,0.3329044164261122,1.0759622829086557,207.61065708012876,-2702.6106481318534
460,2024-01-20 03:00:00,A,0.9849025280162982,0.22088995994444172,211.7781527117537,-2742.526925010368
461,2024-01-20 04:00:00,A,0.5783372878156362,-0.19986479029480275,211.1211625439916,-2765.9898127333554
462,2024-01-20 05:00:00,A,4.9106002798217885,0.7894242648064722,211.6582242359569,-2563.764421839326
463,2024-01-20 06:00:00,B,-1.275479968502632,0.09493448334956273,214.137478911914,-2882.5329604655517
464,2024-01-20 07:00:00,A,-1.0619939100036353,0.48722244723628944,213.97698736008087,-2876.0645351027283
465,2024-01-20 08:00:00,A,-1.2462810528495287,0.29822457154857296,216.3559363840466,-2886.5780573635275
466,2024-01-20 09:00:00,B,-1.1109542383205093,0.23110289881424662,216.8420059495767,-2924.3058652241034
467,2024-01-20 10:00:00,C,-1.2747742546130354,1.0614715657707803,217.8395693232005,-2908.3888309259223
468,2024-01-20 11:00:00,B,2.3780330622151036,1.233586237564312,216.72304428879946,-2734.7422926092636
469,2024-01-20 12:00:00,A,2.8410084959797097,0.8949512761952855,220.2359439853864,-2747.9115575596907
470,2024-01-20 13:00:00,B,-1.1414925874989525,0.28847232238145815,220.22225053123387,-2955.5093431352075
471,2024-01-20 14:00:00,A,-1.6647111462084574,0.8238485865464809,220.5307228607538,-2971.90433050737
472,2024-01-20 15:00:00,A,0.9428311127728082,0.9490280509646698,221.98438846734226,-2851.9071345597513
473,2024-01-20 16:00:00,A,-1.1044460885619425,0.1612331370768747,221.00776476710166,-2962.7914901092063
474,2024-01-20 17:00:00,C,1.2658636355110215,0.3799923533596907,224.13765281148068,-2884.7532139090476
475,2024-01-20 18:00:00,A,0.4058460417025994,0.01114588434460589,223.64662849181795,-2946.220343761505
476,2024-01-20 19:00:00,A,-3.031488229994464,-0.12115044810644632,224.27232971415646,-3119.1094708778182
477,2024-01-20 20:00:00,A,3.0950104026601233,-0.5430902871710376,225.0536408137821,-2843.122113403911
478,2024-01-20 21:00:00,C,3.5917553461910434,-1.1037011794164906,228.6416883749899,-2887.984262417789
479,2024-01-20 22:00:00,B,-1.2255773809687724,-0.6165936883136582,227.85473660630723,-3070.965644977732
480,2024-01-20 23:00:00,A,-0.7754031198719683,-1.1090704630718378,230.9747277099165,-3113.6449949329644
481,2024-01-21 00:00:00,B,0.5717307814498099,-1.0790343675024325,229.8641985369477,-3033.4811235595457
482,2024-01-21 01:00:00,B,0.66891357997405,-1.2944090821923224,229.65364204240709,-3055.626016996747
483,2024-01-21 02:00:00,B,1.3170885453456609,-1.0440432558230022,231.20747556005136,-2994.661202073767
484,2024-01-21 03:00:00,A,4.020409077532699,-1.0500629973054776,234.52481162000694,-2942.829753307758
485,2024-01-21 04:00:00,C,-0.3538944549880988,,234.10010182206332,-3115.4660246238413
486,2024-01-21 05:00:00,A,-1.5965944890769075,-0.04880125768409471,234.6767127035094,-3182.186602202613
487,2024-01-21 06:00:00,B,-2.7586384560290544,-0.9191863815841366,236.35601822585278,-3264.5766425554175
488,2024-01-21 07:00:00,A,-1.4618600798838381,-0.9903075196205477,237.67078273616755,-3245.9635096681814
489,2024-01-21 08:00:00,A,-0.06625394574759419,-0.11707562221825746,239.26139881590245,-3158.3954372681333
490,2024-01-21 09:00:00,A,3.5891157270355754,-0.7176885595456979,240.56949922989293,-3036.07447533317
491,2024-01-21 10:00:00,B,-1.0352225980723428,-0.9788766144257357,239.74023135421092,-3236.3421776692826
492,2024-01-21 11:00:00,A,0.447575903277797,-0.5931016544919453,239.75495231391798,-3150.718542419434
493,2024-01-21 12:00:00,B,-0.03284579214550415,-1.1918766954141218,241.65053483887672,-3238.0484170449117
494,2024-01-21 13:00:00,A,2.376786546896168,-0.5216528314794527,243.3092805065829,-3126.3711076626337
495,2024-01-21 14:00:00,B,5.053864851747243,-0.8603669189685716,243.0722410737894,-2995.865755245131
496,2024-01-21 15:00:00,C,-1.0617375458406413,-1.1281155381095247,244.06784908510497,-3271.6208204640843
497,2024-01-21 16:00:00,B,-0.9788788850364443,-0.1745292972814445,246.35978788154986,-3302.5903397490697
498,2024-01-21 17:00:00,B,2.088321754138144,-0.7737160640721776,246.96034764842958,-3177.552718416863
499,2024-01-21 18:00:00,B,1.3637829792526228,-0.08736790699327826,248.0367969954116,-3215.951072487876
500,2024-01-21 19:00:00,A,3.693414651472067,0.08978777412193435,248.24250466529995,-3081.9236605660967
